iter	Accuracy	Logloss
0	0.545047259	0.6923035689
